Workbook
Name Base_Year: Inputs!$B$3
Name End_Year: Inputs!$B$4
Name Baseline_Annual_Hires: Inputs!$B$5
Name Depressed_Hiring_Pct: Inputs!$B$6
Name Recovery_Start_Year: Inputs!$B$7
Name Transition_Rate: Inputs!$B$8
Name Attrition_Rate: Inputs!$B$9
Name N_Primary: Inputs!$B$10
Name N_Sensitivity: Inputs!$B$11
Name Base_MidLevel_Stock: Inputs!$B$12

Sheet Summary
A1: Pipeline Projection — Summary
A2: Formulas reference Calculations. Open in Excel/LibreOffice and let it recalculate — this workbook was built by script and ships uncalculated, same as capabilities/marginal-analysis/model.xlsx; see Notes.
A4: Metric | B4: Depressed, N=3 | C4: Recovery, N=3 | D4: Depressed, N=5 | E4: Recovery, N=5
A5: Onset year (first year Gap > 0) | B5: =IFERROR(INDEX(Calculations!$A$5:$A$23,MATCH(1,Calculations!$U$5:$U$23,0)),"no shortage in window") | C5: =IFERROR(INDEX(Calculations!$A$5:$A$23,MATCH(1,Calculations!$V$5:$V$23,0)),"no shortage in window") | D5: =IFERROR(INDEX(Calculations!$A$5:$A$23,MATCH(1,Calculations!$W$5:$W$23,0)),"no shortage in window") | E5: =IFERROR(INDEX(Calculations!$A$5:$A$23,MATCH(1,Calculations!$X$5:$X$23,0)),"no shortage in window")
A6: Maximum gap | B6: =MAX(Calculations!$K$5:$K$23) | C6: =MAX(Calculations!$L$5:$L$23) | D6: =MAX(Calculations!$S$5:$S$23) | E6: =MAX(Calculations!$T$5:$T$23)
A7: Year of maximum gap | B7: =INDEX(Calculations!$A$5:$A$23,MATCH(MAX(Calculations!$K$5:$K$23),Calculations!$K$5:$K$23,0)) | C7: =INDEX(Calculations!$A$5:$A$23,MATCH(MAX(Calculations!$L$5:$L$23),Calculations!$L$5:$L$23,0)) | D7: =INDEX(Calculations!$A$5:$A$23,MATCH(MAX(Calculations!$S$5:$S$23),Calculations!$S$5:$S$23,0)) | E7: =INDEX(Calculations!$A$5:$A$23,MATCH(MAX(Calculations!$T$5:$T$23),Calculations!$T$5:$T$23,0))
A8: Gap at end of window (2035) | B8: =INDEX(Calculations!$K$5:$K$23,19) | C8: =INDEX(Calculations!$L$5:$L$23,19) | D8: =INDEX(Calculations!$S$5:$S$23,19) | E8: =INDEX(Calculations!$T$5:$T$23,19)
A9: Status at end of window | B9: =IF(B8>0,"Persists through 2035","Closed by 2035") | C9: =IF(C8>0,"Persists through 2035","Closed by 2035") | D9: =IF(D8>0,"Persists through 2035","Closed by 2035") | E9: =IF(E8>0,"Persists through 2035","Closed by 2035")

Sheet Inputs
A1: Pipeline Projection — Inputs
A2: Label | B2: Value | C2: Note
A3: Base year (mid-level stock anchor) | B3: 2022 | C3: First year of the model. Mid-level stock in this year is the seed value below.
A4: End year (last year modeled) | B4: 2035 | C4: Last year the projection runs through.
A5: Baseline annual junior hires (pre-2022 trend) | B5: 20000 | C5: BLS Occupational Outlook Handbook, Graphic Designers (2024-2034 projections): ~20,000 average annual openings. Note: BLS "openings" bundles growth openings with replacement openings (anyone leaving the occupation, any career stage), not specifically junior hires.
A6: Depressed hiring, % of baseline | B6: 0.855 | C6: Derived from Brynjolfsson, Chandar & Chen (revised Aug 2026), Table 1 Panel A: AI-exposure Quintile 4 (Graphic Designers' quintile per Table A.5) shows a -14.5% employment coefficient for ages 22-25 vs. Quintile 1, in the paper's primary 2018-balanced sample. 0.855 = 1 - 0.145. Caveat: this is a regression coefficient on employment stock, not a literal hiring-rate reduction, though the paper's Fact 4 attributes the decline to reduced hiring rather than increased separations.
A7: Recovery start year | B7: 2028 | C7: Matches the brief: junior hiring returns to its pre-2022 trend by this year, under the Recovery scenario.
A8: Junior-to-mid-level transition rate | B8: 0.8 | C8: Jennifer's professional judgment: share of a hired cohort that survives to become mid-level after N years (distinct from attrition after that point). No occupation-specific source found.
A9: Annual mid-level attrition rate | B9: 0.05 | C9: Jennifer's professional judgment: annual attrition rate applied to the mid-level stock, after each year's new cohort joins (per the agreed ordering). No occupation-specific source found.
A10: Training lag — primary case (years) | B10: 3 | C10: Matches the brief's primary assumption, labeled as professional judgment.
A11: Training lag — sensitivity case (years) | B11: 5 | C11: Matches the brief's sensitivity case.
A12: Base-year mid-level stock (anchor) | B12: 98685 | C12: IPUMS CPS Basic Monthly, OCC 2634 (Graphic Designers), employed (EMPSTAT 10/12), age 26-35, 2022. Weighted headcount averaged across the 12 monthly samples (range 77,280-117,161; unweighted N=350 across the year, ~23-68/month). See prompt-log.md 2026-10-09 entry.

Sheet Calculations
A1: Pipeline Projection — Calculations
A2: One row per modeled year. History before Base_Year exists only so the N-year-back lookups have something to reference; Graduates/MidSupply/Gap columns start at Base_Year.
A4: Year | B4: Hire — Baseline | C4: Hire — Depressed | D4: Hire — Recovery | E4: Graduates — Baseline (N=3) | F4: Graduates — Depressed (N=3) | G4: Graduates — Recovery (N=3) | H4: MidSupply — Baseline (N=3) | I4: MidSupply — Depressed (N=3) | J4: MidSupply — Recovery (N=3) | K4: Gap — Depressed (N=3) | L4: Gap — Recovery (N=3) | M4: Graduates — Baseline (N=5) | N4: Graduates — Depressed (N=5) | O4: Graduates — Recovery (N=5) | P4: MidSupply — Baseline (N=5) | Q4: MidSupply — Depressed (N=5) | R4: MidSupply — Recovery (N=5) | S4: Gap — Depressed (N=5) | T4: Gap — Recovery (N=5) | U4: Shortage? Dep N=3 | V4: Shortage? Rec N=3 | W4: Shortage? Dep N=5 | X4: Shortage? Rec N=5
A5: =Base_Year-N_Sensitivity | B5: =Baseline_Annual_Hires | C5: =IF($A5>=Base_Year+1,Baseline_Annual_Hires*Depressed_Hiring_Pct,Baseline_Annual_Hires) | D5: =IF($A5>=Base_Year+1,IF($A5<Recovery_Start_Year,Baseline_Annual_Hires*Depressed_Hiring_Pct,Baseline_Annual_Hires),Baseline_Annual_Hires)
A6: =A5+1 | B6: =Baseline_Annual_Hires | C6: =IF($A6>=Base_Year+1,Baseline_Annual_Hires*Depressed_Hiring_Pct,Baseline_Annual_Hires) | D6: =IF($A6>=Base_Year+1,IF($A6<Recovery_Start_Year,Baseline_Annual_Hires*Depressed_Hiring_Pct,Baseline_Annual_Hires),Baseline_Annual_Hires)
A7: =A6+1 | B7: =Baseline_Annual_Hires | C7: =IF($A7>=Base_Year+1,Baseline_Annual_Hires*Depressed_Hiring_Pct,Baseline_Annual_Hires) | D7: =IF($A7>=Base_Year+1,IF($A7<Recovery_Start_Year,Baseline_Annual_Hires*Depressed_Hiring_Pct,Baseline_Annual_Hires),Baseline_Annual_Hires)
A8: =A7+1 | B8: =Baseline_Annual_Hires | C8: =IF($A8>=Base_Year+1,Baseline_Annual_Hires*Depressed_Hiring_Pct,Baseline_Annual_Hires) | D8: =IF($A8>=Base_Year+1,IF($A8<Recovery_Start_Year,Baseline_Annual_Hires*Depressed_Hiring_Pct,Baseline_Annual_Hires),Baseline_Annual_Hires)
A9: =A8+1 | B9: =Baseline_Annual_Hires | C9: =IF($A9>=Base_Year+1,Baseline_Annual_Hires*Depressed_Hiring_Pct,Baseline_Annual_Hires) | D9: =IF($A9>=Base_Year+1,IF($A9<Recovery_Start_Year,Baseline_Annual_Hires*Depressed_Hiring_Pct,Baseline_Annual_Hires),Baseline_Annual_Hires)
A10: =A9+1 | B10: =Baseline_Annual_Hires | C10: =IF($A10>=Base_Year+1,Baseline_Annual_Hires*Depressed_Hiring_Pct,Baseline_Annual_Hires) | D10: =IF($A10>=Base_Year+1,IF($A10<Recovery_Start_Year,Baseline_Annual_Hires*Depressed_Hiring_Pct,Baseline_Annual_Hires),Baseline_Annual_Hires) | H10: =Base_MidLevel_Stock | I10: =Base_MidLevel_Stock | J10: =Base_MidLevel_Stock | K10: =H10-I10 | L10: =H10-J10 | P10: =Base_MidLevel_Stock | Q10: =Base_MidLevel_Stock | R10: =Base_MidLevel_Stock | S10: =P10-Q10 | T10: =P10-R10 | U10: =IF(K10>0,1,0) | V10: =IF(L10>0,1,0) | W10: =IF(S10>0,1,0) | X10: =IF(T10>0,1,0)
A11: =A10+1 | B11: =Baseline_Annual_Hires | C11: =IF($A11>=Base_Year+1,Baseline_Annual_Hires*Depressed_Hiring_Pct,Baseline_Annual_Hires) | D11: =IF($A11>=Base_Year+1,IF($A11<Recovery_Start_Year,Baseline_Annual_Hires*Depressed_Hiring_Pct,Baseline_Annual_Hires),Baseline_Annual_Hires) | E11: =INDEX(B$5:B$23,MATCH($A11-N_Primary,A$5:A$23,0))*Transition_Rate | F11: =INDEX(C$5:C$23,MATCH($A11-N_Primary,A$5:A$23,0))*Transition_Rate | G11: =INDEX(D$5:D$23,MATCH($A11-N_Primary,A$5:A$23,0))*Transition_Rate | H11: =(H10+E11)*(1-Attrition_Rate) | I11: =(I10+F11)*(1-Attrition_Rate) | J11: =(J10+G11)*(1-Attrition_Rate) | K11: =H11-I11 | L11: =H11-J11 | M11: =INDEX(B$5:B$23,MATCH($A11-N_Sensitivity,A$5:A$23,0))*Transition_Rate | N11: =INDEX(C$5:C$23,MATCH($A11-N_Sensitivity,A$5:A$23,0))*Transition_Rate | O11: =INDEX(D$5:D$23,MATCH($A11-N_Sensitivity,A$5:A$23,0))*Transition_Rate | P11: =(P10+M11)*(1-Attrition_Rate) | Q11: =(Q10+N11)*(1-Attrition_Rate) | R11: =(R10+O11)*(1-Attrition_Rate) | S11: =P11-Q11 | T11: =P11-R11 | U11: =IF(K11>0,1,0) | V11: =IF(L11>0,1,0) | W11: =IF(S11>0,1,0) | X11: =IF(T11>0,1,0)
A12: =A11+1 | B12: =Baseline_Annual_Hires | C12: =IF($A12>=Base_Year+1,Baseline_Annual_Hires*Depressed_Hiring_Pct,Baseline_Annual_Hires) | D12: =IF($A12>=Base_Year+1,IF($A12<Recovery_Start_Year,Baseline_Annual_Hires*Depressed_Hiring_Pct,Baseline_Annual_Hires),Baseline_Annual_Hires) | E12: =INDEX(B$5:B$23,MATCH($A12-N_Primary,A$5:A$23,0))*Transition_Rate | F12: =INDEX(C$5:C$23,MATCH($A12-N_Primary,A$5:A$23,0))*Transition_Rate | G12: =INDEX(D$5:D$23,MATCH($A12-N_Primary,A$5:A$23,0))*Transition_Rate | H12: =(H11+E12)*(1-Attrition_Rate) | I12: =(I11+F12)*(1-Attrition_Rate) | J12: =(J11+G12)*(1-Attrition_Rate) | K12: =H12-I12 | L12: =H12-J12 | M12: =INDEX(B$5:B$23,MATCH($A12-N_Sensitivity,A$5:A$23,0))*Transition_Rate | N12: =INDEX(C$5:C$23,MATCH($A12-N_Sensitivity,A$5:A$23,0))*Transition_Rate | O12: =INDEX(D$5:D$23,MATCH($A12-N_Sensitivity,A$5:A$23,0))*Transition_Rate | P12: =(P11+M12)*(1-Attrition_Rate) | Q12: =(Q11+N12)*(1-Attrition_Rate) | R12: =(R11+O12)*(1-Attrition_Rate) | S12: =P12-Q12 | T12: =P12-R12 | U12: =IF(K12>0,1,0) | V12: =IF(L12>0,1,0) | W12: =IF(S12>0,1,0) | X12: =IF(T12>0,1,0)
A13: =A12+1 | B13: =Baseline_Annual_Hires | C13: =IF($A13>=Base_Year+1,Baseline_Annual_Hires*Depressed_Hiring_Pct,Baseline_Annual_Hires) | D13: =IF($A13>=Base_Year+1,IF($A13<Recovery_Start_Year,Baseline_Annual_Hires*Depressed_Hiring_Pct,Baseline_Annual_Hires),Baseline_Annual_Hires) | E13: =INDEX(B$5:B$23,MATCH($A13-N_Primary,A$5:A$23,0))*Transition_Rate | F13: =INDEX(C$5:C$23,MATCH($A13-N_Primary,A$5:A$23,0))*Transition_Rate | G13: =INDEX(D$5:D$23,MATCH($A13-N_Primary,A$5:A$23,0))*Transition_Rate | H13: =(H12+E13)*(1-Attrition_Rate) | I13: =(I12+F13)*(1-Attrition_Rate) | J13: =(J12+G13)*(1-Attrition_Rate) | K13: =H13-I13 | L13: =H13-J13 | M13: =INDEX(B$5:B$23,MATCH($A13-N_Sensitivity,A$5:A$23,0))*Transition_Rate | N13: =INDEX(C$5:C$23,MATCH($A13-N_Sensitivity,A$5:A$23,0))*Transition_Rate | O13: =INDEX(D$5:D$23,MATCH($A13-N_Sensitivity,A$5:A$23,0))*Transition_Rate | P13: =(P12+M13)*(1-Attrition_Rate) | Q13: =(Q12+N13)*(1-Attrition_Rate) | R13: =(R12+O13)*(1-Attrition_Rate) | S13: =P13-Q13 | T13: =P13-R13 | U13: =IF(K13>0,1,0) | V13: =IF(L13>0,1,0) | W13: =IF(S13>0,1,0) | X13: =IF(T13>0,1,0)
A14: =A13+1 | B14: =Baseline_Annual_Hires | C14: =IF($A14>=Base_Year+1,Baseline_Annual_Hires*Depressed_Hiring_Pct,Baseline_Annual_Hires) | D14: =IF($A14>=Base_Year+1,IF($A14<Recovery_Start_Year,Baseline_Annual_Hires*Depressed_Hiring_Pct,Baseline_Annual_Hires),Baseline_Annual_Hires) | E14: =INDEX(B$5:B$23,MATCH($A14-N_Primary,A$5:A$23,0))*Transition_Rate | F14: =INDEX(C$5:C$23,MATCH($A14-N_Primary,A$5:A$23,0))*Transition_Rate | G14: =INDEX(D$5:D$23,MATCH($A14-N_Primary,A$5:A$23,0))*Transition_Rate | H14: =(H13+E14)*(1-Attrition_Rate) | I14: =(I13+F14)*(1-Attrition_Rate) | J14: =(J13+G14)*(1-Attrition_Rate) | K14: =H14-I14 | L14: =H14-J14 | M14: =INDEX(B$5:B$23,MATCH($A14-N_Sensitivity,A$5:A$23,0))*Transition_Rate | N14: =INDEX(C$5:C$23,MATCH($A14-N_Sensitivity,A$5:A$23,0))*Transition_Rate | O14: =INDEX(D$5:D$23,MATCH($A14-N_Sensitivity,A$5:A$23,0))*Transition_Rate | P14: =(P13+M14)*(1-Attrition_Rate) | Q14: =(Q13+N14)*(1-Attrition_Rate) | R14: =(R13+O14)*(1-Attrition_Rate) | S14: =P14-Q14 | T14: =P14-R14 | U14: =IF(K14>0,1,0) | V14: =IF(L14>0,1,0) | W14: =IF(S14>0,1,0) | X14: =IF(T14>0,1,0)
A15: =A14+1 | B15: =Baseline_Annual_Hires | C15: =IF($A15>=Base_Year+1,Baseline_Annual_Hires*Depressed_Hiring_Pct,Baseline_Annual_Hires) | D15: =IF($A15>=Base_Year+1,IF($A15<Recovery_Start_Year,Baseline_Annual_Hires*Depressed_Hiring_Pct,Baseline_Annual_Hires),Baseline_Annual_Hires) | E15: =INDEX(B$5:B$23,MATCH($A15-N_Primary,A$5:A$23,0))*Transition_Rate | F15: =INDEX(C$5:C$23,MATCH($A15-N_Primary,A$5:A$23,0))*Transition_Rate | G15: =INDEX(D$5:D$23,MATCH($A15-N_Primary,A$5:A$23,0))*Transition_Rate | H15: =(H14+E15)*(1-Attrition_Rate) | I15: =(I14+F15)*(1-Attrition_Rate) | J15: =(J14+G15)*(1-Attrition_Rate) | K15: =H15-I15 | L15: =H15-J15 | M15: =INDEX(B$5:B$23,MATCH($A15-N_Sensitivity,A$5:A$23,0))*Transition_Rate | N15: =INDEX(C$5:C$23,MATCH($A15-N_Sensitivity,A$5:A$23,0))*Transition_Rate | O15: =INDEX(D$5:D$23,MATCH($A15-N_Sensitivity,A$5:A$23,0))*Transition_Rate | P15: =(P14+M15)*(1-Attrition_Rate) | Q15: =(Q14+N15)*(1-Attrition_Rate) | R15: =(R14+O15)*(1-Attrition_Rate) | S15: =P15-Q15 | T15: =P15-R15 | U15: =IF(K15>0,1,0) | V15: =IF(L15>0,1,0) | W15: =IF(S15>0,1,0) | X15: =IF(T15>0,1,0)
A16: =A15+1 | B16: =Baseline_Annual_Hires | C16: =IF($A16>=Base_Year+1,Baseline_Annual_Hires*Depressed_Hiring_Pct,Baseline_Annual_Hires) | D16: =IF($A16>=Base_Year+1,IF($A16<Recovery_Start_Year,Baseline_Annual_Hires*Depressed_Hiring_Pct,Baseline_Annual_Hires),Baseline_Annual_Hires) | E16: =INDEX(B$5:B$23,MATCH($A16-N_Primary,A$5:A$23,0))*Transition_Rate | F16: =INDEX(C$5:C$23,MATCH($A16-N_Primary,A$5:A$23,0))*Transition_Rate | G16: =INDEX(D$5:D$23,MATCH($A16-N_Primary,A$5:A$23,0))*Transition_Rate | H16: =(H15+E16)*(1-Attrition_Rate) | I16: =(I15+F16)*(1-Attrition_Rate) | J16: =(J15+G16)*(1-Attrition_Rate) | K16: =H16-I16 | L16: =H16-J16 | M16: =INDEX(B$5:B$23,MATCH($A16-N_Sensitivity,A$5:A$23,0))*Transition_Rate | N16: =INDEX(C$5:C$23,MATCH($A16-N_Sensitivity,A$5:A$23,0))*Transition_Rate | O16: =INDEX(D$5:D$23,MATCH($A16-N_Sensitivity,A$5:A$23,0))*Transition_Rate | P16: =(P15+M16)*(1-Attrition_Rate) | Q16: =(Q15+N16)*(1-Attrition_Rate) | R16: =(R15+O16)*(1-Attrition_Rate) | S16: =P16-Q16 | T16: =P16-R16 | U16: =IF(K16>0,1,0) | V16: =IF(L16>0,1,0) | W16: =IF(S16>0,1,0) | X16: =IF(T16>0,1,0)
A17: =A16+1 | B17: =Baseline_Annual_Hires | C17: =IF($A17>=Base_Year+1,Baseline_Annual_Hires*Depressed_Hiring_Pct,Baseline_Annual_Hires) | D17: =IF($A17>=Base_Year+1,IF($A17<Recovery_Start_Year,Baseline_Annual_Hires*Depressed_Hiring_Pct,Baseline_Annual_Hires),Baseline_Annual_Hires) | E17: =INDEX(B$5:B$23,MATCH($A17-N_Primary,A$5:A$23,0))*Transition_Rate | F17: =INDEX(C$5:C$23,MATCH($A17-N_Primary,A$5:A$23,0))*Transition_Rate | G17: =INDEX(D$5:D$23,MATCH($A17-N_Primary,A$5:A$23,0))*Transition_Rate | H17: =(H16+E17)*(1-Attrition_Rate) | I17: =(I16+F17)*(1-Attrition_Rate) | J17: =(J16+G17)*(1-Attrition_Rate) | K17: =H17-I17 | L17: =H17-J17 | M17: =INDEX(B$5:B$23,MATCH($A17-N_Sensitivity,A$5:A$23,0))*Transition_Rate | N17: =INDEX(C$5:C$23,MATCH($A17-N_Sensitivity,A$5:A$23,0))*Transition_Rate | O17: =INDEX(D$5:D$23,MATCH($A17-N_Sensitivity,A$5:A$23,0))*Transition_Rate | P17: =(P16+M17)*(1-Attrition_Rate) | Q17: =(Q16+N17)*(1-Attrition_Rate) | R17: =(R16+O17)*(1-Attrition_Rate) | S17: =P17-Q17 | T17: =P17-R17 | U17: =IF(K17>0,1,0) | V17: =IF(L17>0,1,0) | W17: =IF(S17>0,1,0) | X17: =IF(T17>0,1,0)
A18: =A17+1 | B18: =Baseline_Annual_Hires | C18: =IF($A18>=Base_Year+1,Baseline_Annual_Hires*Depressed_Hiring_Pct,Baseline_Annual_Hires) | D18: =IF($A18>=Base_Year+1,IF($A18<Recovery_Start_Year,Baseline_Annual_Hires*Depressed_Hiring_Pct,Baseline_Annual_Hires),Baseline_Annual_Hires) | E18: =INDEX(B$5:B$23,MATCH($A18-N_Primary,A$5:A$23,0))*Transition_Rate | F18: =INDEX(C$5:C$23,MATCH($A18-N_Primary,A$5:A$23,0))*Transition_Rate | G18: =INDEX(D$5:D$23,MATCH($A18-N_Primary,A$5:A$23,0))*Transition_Rate | H18: =(H17+E18)*(1-Attrition_Rate) | I18: =(I17+F18)*(1-Attrition_Rate) | J18: =(J17+G18)*(1-Attrition_Rate) | K18: =H18-I18 | L18: =H18-J18 | M18: =INDEX(B$5:B$23,MATCH($A18-N_Sensitivity,A$5:A$23,0))*Transition_Rate | N18: =INDEX(C$5:C$23,MATCH($A18-N_Sensitivity,A$5:A$23,0))*Transition_Rate | O18: =INDEX(D$5:D$23,MATCH($A18-N_Sensitivity,A$5:A$23,0))*Transition_Rate | P18: =(P17+M18)*(1-Attrition_Rate) | Q18: =(Q17+N18)*(1-Attrition_Rate) | R18: =(R17+O18)*(1-Attrition_Rate) | S18: =P18-Q18 | T18: =P18-R18 | U18: =IF(K18>0,1,0) | V18: =IF(L18>0,1,0) | W18: =IF(S18>0,1,0) | X18: =IF(T18>0,1,0)
A19: =A18+1 | B19: =Baseline_Annual_Hires | C19: =IF($A19>=Base_Year+1,Baseline_Annual_Hires*Depressed_Hiring_Pct,Baseline_Annual_Hires) | D19: =IF($A19>=Base_Year+1,IF($A19<Recovery_Start_Year,Baseline_Annual_Hires*Depressed_Hiring_Pct,Baseline_Annual_Hires),Baseline_Annual_Hires) | E19: =INDEX(B$5:B$23,MATCH($A19-N_Primary,A$5:A$23,0))*Transition_Rate | F19: =INDEX(C$5:C$23,MATCH($A19-N_Primary,A$5:A$23,0))*Transition_Rate | G19: =INDEX(D$5:D$23,MATCH($A19-N_Primary,A$5:A$23,0))*Transition_Rate | H19: =(H18+E19)*(1-Attrition_Rate) | I19: =(I18+F19)*(1-Attrition_Rate) | J19: =(J18+G19)*(1-Attrition_Rate) | K19: =H19-I19 | L19: =H19-J19 | M19: =INDEX(B$5:B$23,MATCH($A19-N_Sensitivity,A$5:A$23,0))*Transition_Rate | N19: =INDEX(C$5:C$23,MATCH($A19-N_Sensitivity,A$5:A$23,0))*Transition_Rate | O19: =INDEX(D$5:D$23,MATCH($A19-N_Sensitivity,A$5:A$23,0))*Transition_Rate | P19: =(P18+M19)*(1-Attrition_Rate) | Q19: =(Q18+N19)*(1-Attrition_Rate) | R19: =(R18+O19)*(1-Attrition_Rate) | S19: =P19-Q19 | T19: =P19-R19 | U19: =IF(K19>0,1,0) | V19: =IF(L19>0,1,0) | W19: =IF(S19>0,1,0) | X19: =IF(T19>0,1,0)
A20: =A19+1 | B20: =Baseline_Annual_Hires | C20: =IF($A20>=Base_Year+1,Baseline_Annual_Hires*Depressed_Hiring_Pct,Baseline_Annual_Hires) | D20: =IF($A20>=Base_Year+1,IF($A20<Recovery_Start_Year,Baseline_Annual_Hires*Depressed_Hiring_Pct,Baseline_Annual_Hires),Baseline_Annual_Hires) | E20: =INDEX(B$5:B$23,MATCH($A20-N_Primary,A$5:A$23,0))*Transition_Rate | F20: =INDEX(C$5:C$23,MATCH($A20-N_Primary,A$5:A$23,0))*Transition_Rate | G20: =INDEX(D$5:D$23,MATCH($A20-N_Primary,A$5:A$23,0))*Transition_Rate | H20: =(H19+E20)*(1-Attrition_Rate) | I20: =(I19+F20)*(1-Attrition_Rate) | J20: =(J19+G20)*(1-Attrition_Rate) | K20: =H20-I20 | L20: =H20-J20 | M20: =INDEX(B$5:B$23,MATCH($A20-N_Sensitivity,A$5:A$23,0))*Transition_Rate | N20: =INDEX(C$5:C$23,MATCH($A20-N_Sensitivity,A$5:A$23,0))*Transition_Rate | O20: =INDEX(D$5:D$23,MATCH($A20-N_Sensitivity,A$5:A$23,0))*Transition_Rate | P20: =(P19+M20)*(1-Attrition_Rate) | Q20: =(Q19+N20)*(1-Attrition_Rate) | R20: =(R19+O20)*(1-Attrition_Rate) | S20: =P20-Q20 | T20: =P20-R20 | U20: =IF(K20>0,1,0) | V20: =IF(L20>0,1,0) | W20: =IF(S20>0,1,0) | X20: =IF(T20>0,1,0)
A21: =A20+1 | B21: =Baseline_Annual_Hires | C21: =IF($A21>=Base_Year+1,Baseline_Annual_Hires*Depressed_Hiring_Pct,Baseline_Annual_Hires) | D21: =IF($A21>=Base_Year+1,IF($A21<Recovery_Start_Year,Baseline_Annual_Hires*Depressed_Hiring_Pct,Baseline_Annual_Hires),Baseline_Annual_Hires) | E21: =INDEX(B$5:B$23,MATCH($A21-N_Primary,A$5:A$23,0))*Transition_Rate | F21: =INDEX(C$5:C$23,MATCH($A21-N_Primary,A$5:A$23,0))*Transition_Rate | G21: =INDEX(D$5:D$23,MATCH($A21-N_Primary,A$5:A$23,0))*Transition_Rate | H21: =(H20+E21)*(1-Attrition_Rate) | I21: =(I20+F21)*(1-Attrition_Rate) | J21: =(J20+G21)*(1-Attrition_Rate) | K21: =H21-I21 | L21: =H21-J21 | M21: =INDEX(B$5:B$23,MATCH($A21-N_Sensitivity,A$5:A$23,0))*Transition_Rate | N21: =INDEX(C$5:C$23,MATCH($A21-N_Sensitivity,A$5:A$23,0))*Transition_Rate | O21: =INDEX(D$5:D$23,MATCH($A21-N_Sensitivity,A$5:A$23,0))*Transition_Rate | P21: =(P20+M21)*(1-Attrition_Rate) | Q21: =(Q20+N21)*(1-Attrition_Rate) | R21: =(R20+O21)*(1-Attrition_Rate) | S21: =P21-Q21 | T21: =P21-R21 | U21: =IF(K21>0,1,0) | V21: =IF(L21>0,1,0) | W21: =IF(S21>0,1,0) | X21: =IF(T21>0,1,0)
A22: =A21+1 | B22: =Baseline_Annual_Hires | C22: =IF($A22>=Base_Year+1,Baseline_Annual_Hires*Depressed_Hiring_Pct,Baseline_Annual_Hires) | D22: =IF($A22>=Base_Year+1,IF($A22<Recovery_Start_Year,Baseline_Annual_Hires*Depressed_Hiring_Pct,Baseline_Annual_Hires),Baseline_Annual_Hires) | E22: =INDEX(B$5:B$23,MATCH($A22-N_Primary,A$5:A$23,0))*Transition_Rate | F22: =INDEX(C$5:C$23,MATCH($A22-N_Primary,A$5:A$23,0))*Transition_Rate | G22: =INDEX(D$5:D$23,MATCH($A22-N_Primary,A$5:A$23,0))*Transition_Rate | H22: =(H21+E22)*(1-Attrition_Rate) | I22: =(I21+F22)*(1-Attrition_Rate) | J22: =(J21+G22)*(1-Attrition_Rate) | K22: =H22-I22 | L22: =H22-J22 | M22: =INDEX(B$5:B$23,MATCH($A22-N_Sensitivity,A$5:A$23,0))*Transition_Rate | N22: =INDEX(C$5:C$23,MATCH($A22-N_Sensitivity,A$5:A$23,0))*Transition_Rate | O22: =INDEX(D$5:D$23,MATCH($A22-N_Sensitivity,A$5:A$23,0))*Transition_Rate | P22: =(P21+M22)*(1-Attrition_Rate) | Q22: =(Q21+N22)*(1-Attrition_Rate) | R22: =(R21+O22)*(1-Attrition_Rate) | S22: =P22-Q22 | T22: =P22-R22 | U22: =IF(K22>0,1,0) | V22: =IF(L22>0,1,0) | W22: =IF(S22>0,1,0) | X22: =IF(T22>0,1,0)
A23: =A22+1 | B23: =Baseline_Annual_Hires | C23: =IF($A23>=Base_Year+1,Baseline_Annual_Hires*Depressed_Hiring_Pct,Baseline_Annual_Hires) | D23: =IF($A23>=Base_Year+1,IF($A23<Recovery_Start_Year,Baseline_Annual_Hires*Depressed_Hiring_Pct,Baseline_Annual_Hires),Baseline_Annual_Hires) | E23: =INDEX(B$5:B$23,MATCH($A23-N_Primary,A$5:A$23,0))*Transition_Rate | F23: =INDEX(C$5:C$23,MATCH($A23-N_Primary,A$5:A$23,0))*Transition_Rate | G23: =INDEX(D$5:D$23,MATCH($A23-N_Primary,A$5:A$23,0))*Transition_Rate | H23: =(H22+E23)*(1-Attrition_Rate) | I23: =(I22+F23)*(1-Attrition_Rate) | J23: =(J22+G23)*(1-Attrition_Rate) | K23: =H23-I23 | L23: =H23-J23 | M23: =INDEX(B$5:B$23,MATCH($A23-N_Sensitivity,A$5:A$23,0))*Transition_Rate | N23: =INDEX(C$5:C$23,MATCH($A23-N_Sensitivity,A$5:A$23,0))*Transition_Rate | O23: =INDEX(D$5:D$23,MATCH($A23-N_Sensitivity,A$5:A$23,0))*Transition_Rate | P23: =(P22+M23)*(1-Attrition_Rate) | Q23: =(Q22+N23)*(1-Attrition_Rate) | R23: =(R22+O23)*(1-Attrition_Rate) | S23: =P23-Q23 | T23: =P23-R23 | U23: =IF(K23>0,1,0) | V23: =IF(L23>0,1,0) | W23: =IF(S23>0,1,0) | X23: =IF(T23>0,1,0)

Sheet Notes
A1: Pipeline Projection model — Notes
A3: What this model does: a cohort model of junior-to-mid-level progression, built to test docs/briefs/research-brief.md's H2 (timing). Three hiring paths (Baseline, Depressed, Recovery) are tracked under two training-lag assumptions (N=3, the brief's primary case, and N=5, its sensitivity case), producing a MidSupply stock for each, and a Gap against Baseline for the Depressed and Recovery paths.
A5: Formulas (agreed in the 2026-10-09 research-brief session, logged in prompt-log.md):
A6: Graduates[t,scenario,N] = Hire[t-N, scenario] x Transition_Rate
A7: MidSupply[t,scenario,N] = (MidSupply[t-1,scenario,N] + Graduates[t,scenario,N]) x (1 - Attrition_Rate)
A8: Gap[t,scenario,N] = MidSupply[t,Baseline,N] - MidSupply[t,scenario,N]
A9: Attrition is applied AFTER the new cohort joins the stock each year (Jennifer's choice, not the default convention) — new graduates face attrition risk in their first year too.
A11: IMPORTANT — every value on the Inputs tab is a PLACEHOLDER, not a real or decided figure. Baseline_Annual_Hires, Depressed_Hiring_Pct, Transition_Rate, Attrition_Rate, and Base_MidLevel_Stock are illustrative round numbers chosen only so the formulas have something to compute with. None of these were derived from data or decided as the paper's actual assumptions — that choice is Jennifer's, consistent with every other judgment call in this brief being hers to make and label.
A13: Depressed scenario is modeled as reduced hiring from Base_Year+1 onward with NO built-in recovery — the brief's own 'through 2030' phrasing names the year relevant to H2, not an end to the depression; a self-reverting Depressed scenario would blur it into Recovery. Recovery scenario matches the brief exactly: depressed from Base_Year+1 through Recovery_Start_Year-1, back to full baseline hiring from Recovery_Start_Year onward.
A15: KNOWN LIMITATION: this workbook was built by a script (openpyxl), not by Excel, so no formula carries a stored/cached value — it will render blank in a non-recalculating viewer (e.g. the GitHub.com preview). Open it in Excel or LibreOffice, let it recalculate, and save, matching the same issue documented for capabilities/marginal-analysis/model.xlsx in that engagement's instructor review.
A17: Built: 2026-10-09. Supports: docs/briefs/research-brief.md, loose end 4 of the 2026-10-06 instructor review (does H2 hold at three years and at five).
